Company Name,Ecosystem Position,City,Country
DragonSun Developments,Project Developers,Shanghai,China
GreatWall EPC,EPC Contractors,Shanghai,China
SinoGrid Networks,Grid & Transmission Operators,Beijing,China
RedLeaf Research,Research, Innovation & Early‑stage Companies,Beijing,China
JadeTech Manufacturing,Technology & Equipment Suppliers,Shenzhen,China
PearlRiver Storage,Storage Suppliers,Shenzhen,China
Outback Renewables,Project Developers,Sydney,Australia
SouthernCross EPC,EPC Contractors,Sydney,Australia
AussieGrid Services,Grid & Transmission Operators,Melbourne,Australia
BlueGum Energy Buyers,Energy Off-Takers,Melbourne,Australia
KoalaTech Systems,Technology & Equipment Suppliers,Brisbane,Australia
CoralBay Capital,Project Sponsors & Investors,Brisbane,Australia
